office.DATE_KEY,office.FORM,office.PROJECT_STATUS,office.CONSTRUCTOR_KEY,office.DEVELOPER_KEY,office.LOCATION_KEY,office.OPERATOR_KEY,office.PROJECT_KEY,office.OCCUPANCY,office.LEASED,office.GFA,office.EFFICIENCY,office.NLA,office.VACANT_AREA,office.AVERAGE_GROSS_RENT,office.AGENT_NAME,office.CONSTRUCTION_STATUS,office.NOTE,project.SECTOR,project.PROJECT_KEY,project.PROJECT_NAME_DOC,project.PROJECT_PHASE,project.SUB_PROJECT_TYPE,project.ORIGINAL_SUB_PROJECT_NAME_DOC,project.LAUNCHING_TIME,project.CURRENT_GRADE,developer.MAIN_DEVELOPER_NAME_DOC,location.CITY_NAME_DOC,location.DISTRICT_NAME_DOC,operator.MAIN_OPERATOR_NAME_DOC,constructor.MAIN_CONSTRUCTOR_NAME_DOC,LAT,LONG,Unnamed: 33
20210930,Present,Active,,,,,,1.0,"6,336",,,"6,336", -   ,41.0,,,,OFFICE,251,63 Ly Thai To,,Traditional office,63 Ly Thai To,,A,"Doan Ket International Co., Ltd.",Ha Noi City,Hoan Kiem District,,,21.02485,105.857148,
20210930,Present,Active,,,,,,1.0,"3,409",,,"3,409", -   ,42.0,,,,OFFICE,837,Central Building,,Traditional office,Central Building,,A,"Hong Kong Land (Leasing) Co., Ltd., Kinh Do Co. Ltd. (The Hanoi Confederation of Labour)",Ha Noi City,Hoan Kiem District,,,21.024442,105.851522,
20210930,Present,Active,,,,,,0.98,"15,317",,,"15,554",237,31.0,,,,OFFICE,2639,Daeha Complex,,Traditional office,Daeha Complex,,A,"Daeha Co., Ltd.",Ha Noi City,Ba Dinh District,,,21.031144,105.81256599999999,
20210930,Present,Active,,,,,,0.96,"8,138",,,"8,500",362,36.0,,,,OFFICE,3935,Ha Noi Central Office Building,,Traditional office,Ha Noi Central Office Building,,A,"S.A.S Trading (Thailand), CTAMAD Company",Ha Noi City,Hoan Kiem District,,,21.024387,105.848347,
20210930,Present,Active,,,,,,0.94,"8,667",,,"9,184",517,33.0,,,,OFFICE,4009,Hanoi Towers,,Traditional office,Hanoi Towers,,A,Hanoi Tower Centre Co.,Ha Noi City,Hoan Kiem District,,,21.025879999999997,105.84606699999999,
20210930,Present,Active,,,,,,0.75,"5,253",,,"7,000","1,747",48.0,,,,OFFICE,4379,International Centre,,Traditional office,International Centre,,A,VinaCapital Group Ltd.,Ha Noi City,Hoan Kiem District,,,21.025111,105.85554099999999,
20210930,Present,Active,,,,,,1.0,"13,459",,,"13,459", -   ,32.0,,,,OFFICE,6796,Sun Red River,,Traditional office,Sun Red River,,A,Sun Red River Co.,Ha Noi City,Hoan Kiem District,,,21.020943,105.85625900000001,
20210930,Present,Active,,,,,,0.87,"14,007",,,"16,111","2,104",43.0,,,,OFFICE,5905,Pacific Place,,Traditional office,Pacific Place,,A,Mapletree Investments Pte Ltd.,Ha Noi City,Hoan Kiem District,,,21.024998,105.84335,
20210930,Present,Active,,,,,,0.95,"2,463",,,"2,600",137,32.0,,,,OFFICE,530,Asia Tower,,Traditional office,Asia Tower,,A,Asia Tower Jsc.,Ha Noi City,Hoan Kiem District,,,21.029284,105.85034099999999,
20210930,Present,Active,,,,,,0.96,"1,200",,,"1,250",50,41.0,,,,OFFICE,6164,Press Club,,Traditional office,Press Club,,A,Apple Tree Entrepreneurs in Asia,Ha Noi City,Hoan Kiem District,,,21.025413,105.85701100000001,
20210930,Present,Active,,,,,,1.0,"9,870",,,"9,870", -   ,37.0,,,,OFFICE,654,BIDV Tower,,Traditional office,Bidv Tower,,A,BIDV - Vietnam Partners Investment Management JV Co. (BVIM),Ha Noi City,Hoan Kiem District,,,21.029443,105.85706,
20210930,Present,Active,,,,,,0.79,"14,750",,,"18,676","3,926",24.0,,,,OFFICE,789,Capital Tower,,Traditional office,Capital Tower,,A,Capital Tourist Trading & Investment Company,Ha Noi City,Hoan Kiem District,,,21.02357,105.842025,
20210930,Present,Active,,,,,,0.92,"3,926",,,"4,273",347,42.0,,,,OFFICE,6578,Leadvisors Palace,,Traditional office,Leadvisors Palace,,A,Leadvisors Capital Management Jsc.,Ha Noi City,Hoan Kiem District,,,21.028861,105.85578999999998,
20210930,Present,Active,,,,,,0.94,"37,525",,,"39,900","2,375",23.0,,,,OFFICE,874,Charmvit,,Traditional office,Charmvit,,A,Charmvit Group,Ha Noi City,Cau Giay District,,,21.008207000000002,105.797669,
20210930,Present,Active,,,,,,0.98,"73,425",,,"75,000","1,575",30.0,,,,OFFICE,4442,Keangnam Ha Noi,,Traditional office,Keangnam Ha Noi,,A,AON Holdings,Ha Noi City,Nam Tu Liem District,,,21.016825,105.78407,
20210930,Present,Active,,,,,,0.82,"10,908",,,"13,300","2,392",29.0,,,,OFFICE,4367,Indochina Plaza Hanoi,,Traditional office,Indochina Plaza Hanoi,,A,Hanoi Residential and Commercial Centre (HRCC),Ha Noi City,Cau Giay District,,,21.036181,105.78250600000001,
20210930,Present,Active,,,,,,0.99,"26,445",,,"26,615",170,42.0,,,,OFFICE,2439,Cornerstone,,Traditional office,Cornerstone,,A,"Daibiru CSB Co., Ltd.",Ha Noi City,Hoan Kiem District,,,21.021329,105.854942,
20210930,Present,Active,,,,,,0.96,"42,180",,,"43,880","1,700",24.0,,,,OFFICE,6209,PVI Tower,,Traditional office,Pvi Tower,,A,PVI Holdings,Ha Noi City,Cau Giay District,,,21.024175,105.788973,
20210930,Present,Active,,,,,,0.97,"43,590",,,"45,000","1,410",39.0,,,,OFFICE,4726,Lotte Centre Hanoi,,Traditional office,Lotte Centre Hanoi,,A,Lotte Group,Ha Noi City,Ba Dinh District,,,21.032439,105.812459,
20210930,Present,Active,,,,,,0.92,"43,273",,,"46,890","3,617",30.0,,,,OFFICE,11112,TNR Tower,,Traditional office,Tnr Tower,,A,TNR Holdings,Ha Noi City,Dong Da District,,,21.023448000000002,105.80941899999999,
20210930,Present,Active,,,,,,0.93,"7,757",,,"8,385",628,26.0,,,,OFFICE,4250,Horison Tower,,Traditional office,Horison Tower,,A,Global Toserco & PT Global Metropolitan,Ha Noi City,Dong Da District,,,21.029913,105.82885800000001,
20210930,Present,Active,,,,,,0.62,"15,190",,,"24,500","9,310",42.0,,,,OFFICE,7014,Thai Holdings Tower,,Traditional office,Thai Holdings Tower,,A,ThaiGroup,Ha Noi City,Hoan Kiem District,,,21.026895,105.858522,
20210930,Present,Active,,,,,,0.33,"1,100",,,"3,300","2,200",37.0,,,,OFFICE,1056,Doji Tower,,Traditional office,Doji Tower,,A,Doji Land,Ha Noi City,Ba Dinh District,,,21.029055,105.84166499999999,
20210930,Present,Active,,,,,,0.54,"9,603",,,"17,937","8,334",18.0,,,,OFFICE,4647,Leadvisors Tower,,Traditional office,Leadvisors Tower,,A,LeadvisorSanei Hospitality Holdings,Ha Noi City,Bac Tu Liem District,,,21.049893,105.782048,
20210930,Present,Active,,,,,,0.3,"27,994",,,"93,314","65,320",42.0,,,,OFFICE,787,Capital Place,,Traditional office,Capital Place,,A,CapitaLand,Ha Noi City,Ba Dinh District,,,21.031129999999997,105.813686,
20210930,Present,Active,,,,,,0.0, -   ,,,"4,100","4,100",24.0,,,,OFFICE,12924,APEC Grand Plaza,,Traditional office,Apec Grand Plaza,,A,APEC Group,Ha Noi City,Cau Giay District,,,21.008646,105.798077,
20210930,Present,Active,,,,,,0.0, -   ,,,"5,579","5,579",45.0,,,,OFFICE,5890,BRG Tower,,Traditional office,Brg Tower,,A,BRG Group,Ha Noi City,Hoan Kiem District,,,21.028378,105.85763899999999,
20210930,Present,Active,,,,,,0.91,"4,287",,,"4,700",413,18.0,,,,OFFICE,3951,Ha Noi Toserco Building,,Traditional office,Ha Noi Toserco Building,,B,Hanoi Toserco,Ha Noi City,Ba Dinh District,,,21.030727,105.820151,
20210930,Present,Active,,,,,,0.9,"9,860",,,"11,000","1,140",24.0,,,,OFFICE,4164,HITC,,Traditional office,Hitc,,B,"Schmidt Co., Ltd.",Ha Noi City,Cau Giay District,,,21.035935000000002,105.783303,
20210930,Present,Active,,,,,,0.93,"2,750",,,"2,950",200,22.0,,,,OFFICE,5819,North Star,,Traditional office,North Star,,B,VCCI and Cao Bang's People Committee,Ha Noi City,Hoan Kiem District,,,21.024029000000002,105.846434,
20210930,Present,Active,,,,,,0.99,"17,572",,,"17,692",120,19.0,,,,OFFICE,5845,Ocean Park,,Traditional office,Ocean Park,,B,Vietnam National Maritime Corporation (VINALINES),Ha Noi City,Dong Da District,,,21.007123999999997,105.84022399999999,
20210930,Present,Active,,,,,,0.99,"7,302",,,"7,384",82,27.0,,,,OFFICE,6166,Prime Centre,,Traditional office,Prime Centre,,B,Warterview Co.,Ha Noi City,Hoan Kiem District,,,21.018507999999997,105.84774399999999,
20210930,Present,Active,,,,,,0.98,"8,542",,,"8,687",145,27.0,,,,OFFICE,7461,Tungshing Square,,Traditional office,Tungshing Square,,B,Tungshing Development Inc. and Food Trading & Transportation Company,Ha Noi City,Hoan Kiem District,,,21.029770000000003,105.85631000000001,
20210930,Present,Active,,,,,,0.95,"4,270",,,"4,500",230,22.0,,,,OFFICE,7860,V-Tower,,Traditional office,V-Tower,,B,"Michinoku Lease Co., Ltd. (Japan); Ohki Corporation (Japan); Rinkai Construction Co., Ltd. (Japan); Central Finance Aomori Co., Ltd. (Japan), Housing & Urban Development Corporation",Ha Noi City,Ba Dinh District,,,21.028614,105.80616200000001,
20210930,Present,Active,,,,,,0.98,"16,531",,,"16,869",338,15.0,,,,OFFICE,4188,Hoa Binh Tower,,Traditional office,Hoa Binh Tower,,B,Hoa Binh Real Estate Trading Co.,Ha Noi City,Cau Giay District,,,21.046566000000002,105.795142,
20210930,Present,Active,,,,,,0.98,"8,381",,,"8,571",190,19.0,,,,OFFICE,4053,Harec Building,,Traditional office,Harec Building,,B,Harec Investment & Trade Co.,Ha Noi City,Dong Da District,,,21.022266000000002,105.818601,
20210930,Present,Active,,,,,,0.96,"3,135",,,"3,255",120,20.0,,,,OFFICE,5873,Opera Business Centre,,Traditional office,Opera Business Centre,,B,Opera Trading Centre Venture Co.,Ha Noi City,Hoan Kiem District,,,21.024732999999998,105.856536,
20210930,Present,Active,,,,,,0.89,"5,383",,,"6,050",667,16.0,,,,OFFICE,2779,DMC Plaza,,Traditional office,Dmc Plaza,,B,DMC Group,Ha Noi City,Ba Dinh District,,,21.029395,105.81023,
20210930,Present,Active,,,,,,0.98,"12,218",,,"12,495",277,14.0,,,,OFFICE,7601,Viglacera Tower,,Traditional office,Viglacera Tower,,B,Viglacera,Ha Noi City,Nam Tu Liem District,,,21.003455,105.79156,
20210930,Present,Active,,,,,,0.9,"7,161",,,"8,000",839,11.0,,,,OFFICE,4568,Ladeco Building,,Traditional office,Ladeco Building,,B,Ladeco Human Development & Investment Jsc.,Ha Noi City,Ba Dinh District,,,21.036179,105.815945,
20210930,Present,Active,,,,,,0.94,"2,668",,,"2,835",167,20.0,,,,OFFICE,7637,Vinaplast,,Traditional office,Vinaplast,,B,"Tai Tam Co., Ltd.",Ha Noi City,Hoan Kiem District,,,21.021494,105.854249,
20210930,Present,Active,,,,,,0.98,"14,703",,,"15,000",297,22.0,,,,OFFICE,7837,VIT-Tower,,Traditional office,Vit-Tower,,B,VIT Corp. Jsc.,Ha Noi City,Ba Dinh District,,,21.029591,105.811771,
20210930,Present,Active,,,,,,0.98,"10,800",,,"11,000",200,13.0,,,,OFFICE,4530,Kinh Do Tower,,Traditional office,Kinh Do Tower,,B,Kinh Do Trading Development & Construction Investment Co.,Ha Noi City,Hai Ba Trung District,,,21.015291,105.857395,
20210930,Present,Active,,,,,,0.96,"6,715",,,"7,000",285,11.0,,,,OFFICE,209,381 Doi Can,,Traditional office,381 Doi Can,,B,Ho Chi Minh Museum Construction Corporation,Ha Noi City,Ba Dinh District,,,21.038264,105.81347099999999,
20210930,Present,Active,,,,,,0.95,"9,102",,,"9,562",460,16.0,,,,OFFICE,5814,North Asia Tower,,Traditional office,North Asia Tower,,B,Van Nien Construction & Service Trading Jsc.,Ha Noi City,Dong Da District,,,21.008544,105.838746,
20210930,Present,Active,,,,,,0.87,"9,180",,,"10,500","1,320",16.0,,,,OFFICE,7581,Viet Tower,,Traditional office,Viet Tower,,B,Hoa Binh Venture Financial Investment Ltd.,Ha Noi City,Dong Da District,,,21.009291,105.82375900000001,
20210930,Present,Active,,,,,,0.97,"3,973",,,"4,100",127,16.0,,,,OFFICE,241,59 Quang Trung Building,,Traditional office,59 Quang Trung Building,,B,Ha Noi Construction Company No. 1,Ha Noi City,Hoan Kiem District,,,21.017602,105.84746100000001,
20210930,Present,Active,,,,,,0.9,"4,485",,,"5,000",515,15.0,,,,OFFICE,4528,Kinh Do Building,,Traditional office,Kinh Do Building,,B,Kinh Do MTV Ltd.,Ha Noi City,Dong Da District,,,21.00706,105.82283799999999,
20210930,Present,Active,,,,,,0.96,"5,750",,,"6,000",250,13.0,,,,OFFICE,4459,Kham Thien Building,,Traditional office,Kham Thien Building,,B,CT 18,Ha Noi City,Dong Da District,,,21.018853,105.83448700000001,
20210930,Present,Active,,,,,,0.66,"5,319",,,"8,000","2,681",21.0,,,,OFFICE,10917,CDC Building,,Traditional office,Cdc Building,,B,CDC,Ha Noi City,Hai Ba Trung District,,,21.010324,105.84924,
20210930,Present,Active,,,,,,0.96,"25,064",,,"26,000",936,14.0,,,,OFFICE,863,CEO Tower,,Traditional office,Ceo Tower,,B,CEO Investment Jsc.,Ha Noi City,Nam Tu Liem District,,,21.015729,105.782868,
20210930,Present,Active,,,,,,0.99,"20,703",,,"21,000",297,25.0,,,,OFFICE,3992,Handiresco,,Traditional office,Handiresco,,B,Handico,Ha Noi City,Ba Dinh District,,,21.029435,105.811466,
20210930,Present,Active,,,,,,0.9,"17,278",,,"19,104","1,826",19.0,,,,OFFICE,1024,CMC Tower,,Traditional office,Cmc Tower,,B,CMC Corporation,Ha Noi City,Cau Giay District,,,21.030554000000002,105.784357,
20210930,Present,Active,,,,,,0.97,"11,860",,,"12,191",331,25.0,,,,OFFICE,7631,Vinaconex Tower,,Traditional office,Vinaconex Tower,,B,Vinaconex ,Ha Noi City,Dong Da District,,,21.01473,105.813344,
20210930,Present,Active,,,,,,0.98,"8,817",,,"9,000",183,16.0,,,,OFFICE,6636,Sky City Tower,,Traditional office,Sky City Tower,,B,Hanotex Ltd.,Ha Noi City,Dong Da District,,,21.012901,105.81138899999999,
20210930,Present,Active,,,,,,0.95,"8,200",,,"8,600",400,22.0,,,,OFFICE,3952,Ha Noi Tourism Tower,,Traditional office,Ha Noi Tourism Tower,,B,Hanoi Tourism,Ha Noi City,Hoan Kiem District,,,21.022206,105.855326,
20210930,Present,Active,,,,,,0.6,"1,000",,,"1,680",680,25.0,,,,OFFICE,7484,V Building,,Traditional office,V Building,,B,"Vinh Hanh Investment & Trading Development Co., Ltd.",Ha Noi City,Hai Ba Trung District,,,21.015551000000002,105.84943600000001,
20210930,Present,Active,,,,,,0.9,"10,737",,,"11,934","1,197",16.0,,,,OFFICE,7448,TTC Building,,Traditional office,Ttc Building,,B,TTC Technical Trading Co.,Ha Noi City,Cau Giay District,,,21.031032999999997,105.782126,
20210930,Present,Active,,,,,,0.81,"8,469",,,"10,520","2,051",16.0,,,,OFFICE,5891,Oriental Tower,,Traditional office,Oriental Tower,,B,BRG Group,Ha Noi City,Dong Da District,,,21.005504000000002,105.822001,
20210930,Present,Active,,,,,,1.0,"10,200",,,"10,200", -   ,27.0,,,,OFFICE,6063,Phu Dien Building,,Traditional office,Phu Dien Building,,B,Phu Dien Investment & Trading Company,Ha Noi City,Hoan Kiem District,,,21.024684,105.84428700000001,
20210930,Present,Active,,,,,,0.99,"28,610",,,"29,000",390,17.0,,,,OFFICE,4941,Mipec Tower,,Traditional office,Mipec Tower,,B,Mipec,Ha Noi City,Dong Da District,,,21.005608,105.82330400000001,
20210930,Present,Active,,,,,,0.97,"12,553",,,"13,000",447,12.0,,,,OFFICE,3987,Han Viet Tower,,Traditional office,Han Viet Tower,,B,"Space 21 Fonexim Co.
",Ha Noi City,Hai Ba Trung District,,,20.996844,105.861552,
20210930,Present,Active,,,,,,0.86,"2,485",,,"2,900",415,19.0,,,,OFFICE,3732,Geleximco,,Traditional office,Geleximco,,B,Geleximco ,Ha Noi City,Dong Da District,,,21.018394,105.824055,
20210930,Present,Active,,,,,,0.99,"13,050",,,"13,200",150,18.0,,,,OFFICE,7634,Vinafor Tower,,Traditional office,Vinafor Tower,,B,Vinafor,Ha Noi City,Hai Ba Trung District,,,21.01339,105.858317,
20210930,Present,Active,,,,,,0.9,"22,273",,,"24,700","2,427",16.0,,,,OFFICE,4337,Icon 4 Tower,,Traditional office,Icon 4 Tower,,B,Investment & Construction No.4 Jsc.,Ha Noi City,Dong Da District,,,21.028012,105.80460900000001,
20210930,Present,Active,,,,,,0.97,"2,865",,,"2,940",75,15.0,,,,OFFICE,147,2 Dai Co Viet,,Traditional office,2 Dai Co Viet,,B,Thai Binh Jsc.,Ha Noi City,Hai Ba Trung District,,,21.00907,105.851127,
20210930,Present,Active,,,,,,1.0,"9,600",,,"9,600", -   ,20.0,,,,OFFICE,4026,Hapro Building,,Traditional office,Hapro Building,,B,Hapro,Ha Noi City,Dong Da District,,,21.027695,105.832598,
20210930,Present,Active,,,,,,0.96,"22,382",,,"23,250",868,14.0,,,,OFFICE,833,Center Building- Hapulico Complex,,Traditional office,Center Building- Hapulico Complex,,B,Hapulico,Ha Noi City,Thanh Xuan District,,,21.000176,105.80739799999999,
20210930,Present,Active,,,,,,0.98,"22,041",,,"22,500",459,12.0,,,,OFFICE,6699,Song Da Twin Tower,,Traditional office,Song Da Twin Tower,,B,Song Da Jsc.,Ha Noi City,Nam Tu Liem District,,,21.017704000000002,105.78111200000001,
20210930,Present,Active,,,,,,0.96,"5,535",,,"5,765",230,14.0,,,,OFFICE,2788,Dolphin Plaza,,Traditional office,Dolphin Plaza,,B,PVFC and TID,Ha Noi City,Nam Tu Liem District,,,21.03,105.776468,
20210930,Present,Active,,,,,,0.94,"9,300",,,"9,900",600,22.0,,,,OFFICE,218,Capital Building,,Traditional office,Capital Building,,B,Thu Do II Ltd.,Ha Noi City,Hoan Kiem District,,,21.025335000000002,105.848201,
20210930,Present,Active,,,,,,0.94,"7,915",,,"8,400",485,14.0,,,,OFFICE,6751,Star Tower,,Traditional office,Star Tower,,B,CFTD - VLA Building Jsc.,Ha Noi City,Cau Giay District,,,21.024977,105.79118000000001,
20210930,Present,Active,,,,,,0.75,"5,320",,,"7,050","1,730",22.0,,,,OFFICE,6703,Song Hong Park View,,Traditional office,Song Hong Park View,,B,Song Hong Land,Ha Noi City,Dong Da District,,,21.014584,105.81705500000001,
20210930,Present,Active,,,,,,0.95,"21,100",,,"22,100","1,000",25.0,,,,OFFICE,7533,VCCI Tower,,Traditional office,Vcci Tower,,B,VCCI,Ha Noi City,Dong Da District,,,21.008564,105.837744,
20210930,Present,Active,,,,,,1.0,"18,649",,,"18,649", -   ,29.0,,,,OFFICE,4240,Hong Ha Center,,Traditional office,Hong Ha Center,,B,Vinapaco & Hong Ha Company,Ha Noi City,Hoan Kiem District,,,21.021624,105.85444199999999,
20210930,Present,Active,,,,,,1.0,"22,549",,,"22,654",105,15.0,,,,OFFICE,6361,Royal City,,Traditional office,Royal City,,B,VinGroup,Ha Noi City,Thanh Xuan District,,,21.000957999999997,105.816032,
20210930,Present,Active,,,,,,0.94,"4,750",,,"5,070",320,25.0,,,,OFFICE,1050,Coalimex Building,,Traditional office,Coalimex Building,,B,Coalimex Company,Ha Noi City,Hoan Kiem District,,,21.026695,105.848257,
20210930,Present,Active,,,,,,0.92,"12,929",,,"14,080","1,151",29.0,,,,OFFICE,3729,Gelex Tower,,Traditional office,Gelex Tower,,B,Vietnam Electrical Equipment Jsc. - Gelex,Ha Noi City,Hai Ba Trung District,,,21.012189000000003,105.848064,
20210930,Present,Active,,,,,,1.0,"30,698",,,"30,698", -   ,22.0,,,,OFFICE,7319,Times City,,Traditional office,Times City,,B,VinGroup,Ha Noi City,Hai Ba Trung District,,,20.997288,105.867098,
20210930,Present,Active,,,,,,0.98,"10,983",,,"11,200",217,9.0,,,,OFFICE,4175,Ho Guom Plaza,,Traditional office,Ho Guom Plaza,,B,Ho Guom Garment Jsc.,Ha Noi City,Ha Dong District,,,20.979359,105.78541799999999,
20210930,Present,Active,,,,,,0.99,"20,132",,,"20,250",118,16.0,,,,OFFICE,3991,Handico Tower,,Traditional office,Handico Tower,,B,Handico,Ha Noi City,Nam Tu Liem District,,,21.016716,105.781842,
20210930,Present,Active,,,,,,0.96,"8,080",,,"8,400",320,16.0,,,,OFFICE,5160,Ngoc Khanh Plaza,,Traditional office,Ngoc Khanh Plaza,,B,"Dong Duong Group and Ha Noi Material & Technical Services Co., Ltd.",Ha Noi City,Ba Dinh District,,,21.026272,105.810973,
20210930,Present,Active,,,,,,0.98,"38,619",,,"39,419",800,17.0,,,,OFFICE,266,789 Building,,Traditional office,789 Building,,B,789 Company,Ha Noi City,Cau Giay District,,,21.046019,105.79978100000001,
20210930,Present,Active,,,,,,0.96,"17,275",,,"18,000",725,18.0,,,,OFFICE,2722,Diamond Flower,,Traditional office,Diamond Flower,,B,Handico 6,Ha Noi City,Cau Giay District,,,21.005254,105.803886,
20210930,Present,Active,,,,,,0.97,"12,402",,,"12,754",352,10.0,,,,OFFICE,4847,MD Complex,,Traditional office,Md Complex,,B,MHDI,Ha Noi City,Nam Tu Liem District,,,21.034131,105.76526000000001,
20210930,Present,Active,,,,,,1.0,"6,480",,,"6,480", -   ,12.0,,,,OFFICE,7365,Trang An Complex,,Traditional office,Trang An Complex,,B,GP.INVEST,Ha Noi City,Cau Giay District,,,21.044242,105.802797,
20210930,Present,Active,,,,,,0.93,"11,786",,,"12,624",838,20.0,,,,OFFICE,148,Eurowindow Office Building,,Traditional office,Eurowindow Office Building,,B,Hanoi Investment & Construction Jsc. No. 1 (HICC1),Ha Noi City,Dong Da District,,,21.006029,105.83068100000001,
20210930,Present,Active,,,,,,1.0,"6,800",,,"6,800", -   ,27.0,,,,OFFICE,230,VPBank Tower,,Traditional office,Vpbank Tower,,B,VPBank,Ha Noi City,Ba Dinh District,,,21.029109,105.84236399999999,
20210930,Present,Active,,,,,,0.99,"15,017",,,"15,202",185,15.0,,,,OFFICE,2708,Detech Tower II,,Traditional office,Detech Tower Ii,,B,Technology Development Supporting Jsc. (DETECH Jsc.),Ha Noi City,Cau Giay District,,,21.04051,105.79011100000001,
20210930,Present,Active,,,,,,0.98,"28,494",,,"28,954",460,19.0,,,,OFFICE,2767,Discovery Complex,,Traditional office,Discovery Complex,,B,Kinh Do TCI Group,Ha Noi City,Cau Giay District,,,21.035802,105.794017,
20210930,Present,Active,,,,,,1.0,"8,800",,,"8,800", -   ,13.0,,,,OFFICE,914,CIC Tower,,Traditional office,Cic Tower,,B,"CIC Invest., Jsc.",Ha Noi City,Cau Giay District,,,21.0196,105.79106000000002,
20210930,Present,Active,,,,,,0.85,"20,305",,,"23,889","3,583",18.0,,,,OFFICE,610,Bamboo Airways Tower,,Traditional office,Bamboo Airways Tower,,B,FLC Group,Ha Noi City,Cau Giay District,,,21.034671,105.79578799999999,
20210930,Present,Active,,,,,,0.81,"5,573",,,"6,860","1,287",18.0,,,,OFFICE,2848,DSD Building,,Traditional office,Dsd Building,,B,Service Department for Diplomatic Corps,Ha Noi City,Dong Da District,,,21.018704,105.81663799999998,
20210930,Present,Active,,,,,,1.0,"29,400",,,"29,400", -   ,19.0,,,,OFFICE,6001,Peak Tower,,Traditional office,Peak Tower,,B,Tan Hoang Cau Jsc.,Ha Noi City,Dong Da District,,,21.018762,105.82396200000001,
20210930,Present,Active,,,,,,0.94,"3,453",,,"3,673",220,24.0,,,,OFFICE,367,Pax Sky Ngo Thi Nham,,Traditional office,Pax Sky Ngo Thi Nham,,B,Agrexim Agriculture Jsc.,Ha Noi City,Hai Ba Trung District,,,21.018516,105.85313500000001,
20210930,Present,Active,,,,,,0.51,"1,627",,,"3,160","1,533",20.0,,,,OFFICE,7487,VAD Building,,Traditional office,Vad Building,,B,Vietnam Asset Development Jsc.,Ha Noi City,Ba Dinh District,,,21.032245,105.83023100000001,
20210930,Present,Active,,,,,,0.27,"8,925",,,"33,000","24,075",23.0,,,,OFFICE,10918,Century Tower,,Traditional office,Century Tower,,B,Vingroup,Ha Noi City,Hai Ba Trung District,,,20.994879,105.868077,
20210930,Present,Active,,,,,,0.38,"1,183",,,"3,126","1,943",29.0,,,,OFFICE,12931,Grandeur Giang Vo,,Traditional office,Grandeur Giang Vo,,B,Van Phu - Invest InvestmentJsc.,Ha Noi City,Ba Dinh District,,,21.028786,105.825639,
20210930,Present,Active,,,,,,1.0,"7,138",,,"7,138", -   ,17.0,,,,OFFICE,12932,Tecos Building,,Traditional office,Tecos Building,,B,Jsc. of Consultancy Service & Technology Development for Natural Resources & Environment (Tecos),Ha Noi City,Dong Da District,,,21.023718,105.804519,
20210930,Present,Active,,,,,,0.94,"4,194",,,"4,450",256,16.0,,,,OFFICE,12933,IDMC Duy Tan,,Traditional office,Idmc Duy Tan,,B,IDMC,Ha Noi City,Cau Giay District,,,21.030879000000002,105.781136,
20210930,Present,Active,,,,,,0.98,"15,199",,,"15,519",320,18.0,,,,OFFICE,12934,VPI Tower,,Traditional office,Vpi Tower,,B,VPI,Ha Noi City,Cau Giay District,,,21.030879000000002,105.793975,
20210930,Present,Active,,,,,,0.91,"6,660",,,"7,310",650,18.0,,,,OFFICE,12935,Ecolife To Huu,,Traditional office,Ecolife To Huu,,B,Capitol House,Ha Noi City,Nam Tu Liem District,,,20.993273000000002,105.786468,
20210930,Present,Active,,,,,,0.7,"3,569",,,"5,069","1,500",19.0,,,,OFFICE,3810,Golden Park,,Traditional office,Golden Park,,B,"Tay Do Invest Co., Ltd",Ha Noi City,Cau Giay District,,,21.023887,105.79048300000001,
20210930,Present,Active,,,,,,0.96,"5,184",,,"5,400",216,16.0,,,,OFFICE,122,14 Lang Ha,,Traditional office,14 Lang Ha,,C,BRG Group,Ha Noi City,Dong Da District,,,21.019466,105.81660500000001,
20210930,Present,Active,,,,,,1.0,"5,800",,,"5,800", -   ,22.0,,,,OFFICE,11114,Capital Building,,Traditional office,Capital Building,,C,"Capital Co., Ltd.",Ha Noi City,Hoan Kiem District,,,21.022756,105.847224,
20210930,Present,Active,,,,,,1.0,"3,289",,,"3,289", -   ,15.0,,,,OFFICE,3766,Giang Vo Lake View,,Traditional office,Giang Vo Lake View,,C,Handico,Ha Noi City,Dong Da District,,,21.026778,105.82060800000001,
20210930,Present,Active,,,,,,1.0,"2,648",,,"2,648", -   ,15.0,,,,OFFICE,3984,Ham Long Building,,Traditional office,Ham Long Building,,C,Ham Long Electric Equipment Jsc.,Ha Noi City,Hoan Kiem District,,,21.019029999999997,105.85419099999999,
20210930,Present,Active,,,,,,1.0,"4,307",,,"4,307", -   ,16.0,,,,OFFICE,4166,HITTC,,Traditional office,Hittc,,C,Hanoi Information Technology & Communication Trading Centre,Ha Noi City,Dong Da District,,,21.027225,105.82481200000001,
20210930,Present,Active,,,,,,0.91,"5,290",,,"5,800",510,18.0,,,,OFFICE,7024,Thang Long Ford,,Traditional office,Thang Long Ford,,C,Thang Long Ford Jsc.,Ha Noi City,Dong Da District,,,21.013005,105.813025,
20210930,Present,Active,,,,,,1.0,"2,000",,,"2,000", -   ,16.0,,,,OFFICE,7362,Tran Gia Building,,Traditional office,Tran Gia Building,,C,Tran Gia Management & Investment Co.,Ha Noi City,Hoan Kiem District,,,21.020682,105.84581000000001,
20210930,Present,Active,,,,,,1.0,"4,200",,,"4,200", -   ,17.0,,,,OFFICE,7457,Tung Duc Building,,Traditional office,Tung Duc Building,,C,Tung Duc Company,Ha Noi City,Dong Da District,,,21.015826,105.814107,
20210930,Present,Active,,,,,,1.0,"3,600",,,"3,600", -   ,9.0,,,,OFFICE,7498,Van Ho Trading Centre,,Traditional office,Van Ho Trading Centre,,C,"Hanoi Foodstuff Co., Ltd.",Ha Noi City,Hai Ba Trung District,,,21.011672,105.84769399999999,
20210930,Present,Active,,,,,,0.97,"3,500",,,"3,600",100,15.0,,,,OFFICE,7638,Vinare Building,,Traditional office,Vinare Building,,C,Vinare (Vietnam National Reinsurance Corporation),Ha Noi City,Hoan Kiem District,,,21.023313,105.84172099999999,
20210930,Present,Active,,,,,,0.9,"1,650",,,"1,840",190,12.0,,,,OFFICE,7582,VietCom Building,,Traditional office,Vietcom Building,,C,Vietnam Computer & Communication Jsc.,Ha Noi City,Cau Giay District,,,21.029213000000002,105.81203799999999,
20210930,Present,Active,,,,,,0.89,"4,186",,,"4,686",500,13.0,,,,OFFICE,220,434 Tran Khat Tran,,Traditional office,434 Tran Khat Tran,,C,An Sinh Jsc. (ASICO),Ha Noi City,Hai Ba Trung District,,,21.009441,105.85506200000002,
20210930,Present,Active,,,,,,1.0,"2,088",,,"2,088", -   ,14.0,,,,OFFICE,7529,Van Xuan Building,,Traditional office,Van Xuan Building,,C,Van Xuan Incom Jsc.,Ha Noi City,Dong Da District,,,21.022102,105.808959,
20210930,Present,Active,,,,,,0.88,"1,852",,,"2,102",250,16.0,,,,OFFICE,6374,Ruby Plaza,,Traditional office,Ruby Plaza,,C,DOJI Gemstone Jewelry and Trading Investment Jsc.,Ha Noi City,Hai Ba Trung District,,,21.015895,105.85495300000001,
20210930,Present,Active,,,,,,0.98,"6,471",,,"6,600",129,18.0,,,,OFFICE,10921,The Manor,,Traditional office,The Manor,,C,BITEXCO,Ha Noi City,Nam Tu Liem District,,,21.013921,105.775497,
20210930,Present,Active,,,,,,1.0,"3,012",,,"3,012", -   ,11.0,,,,OFFICE,6227,Quang Minh,,Traditional office,Quang Minh,,C,Song Kim Investment Jsc.,Ha Noi City,Tay Ho District,,,21.044524,105.815234,
20210930,Present,Active,,,,,,0.86,"3,489",,,"4,050",561,12.0,,,,OFFICE,2504,CTM,,Traditional office,Ctm,,C,Cau Giay Trading Jsc.,Ha Noi City,Cau Giay District,,,21.034788,105.793573,
20210930,Present,Active,,,,,,0.98,"6,439",,,"6,574",135,13.0,,,,OFFICE,3961,Ha Thanh Plaza,,Traditional office,Ha Thanh Plaza,,C,Ha Thanh Development and Investment Jsc.,Ha Noi City,Dong Da District,,,21.008794,105.820524,
20210930,Present,Active,,,,,,0.97,"4,550",,,"4,680",130,14.0,,,,OFFICE,4872,Mekong Tower,,Traditional office,Mekong Tower,,C,Mekong Land,Ha Noi City,Long Bien District,,,21.043048000000002,105.87099199999999,
20210930,Present,Active,,,,,,0.98,"6,480",,,"6,600",120,13.0,,,,OFFICE,2706,Detech Building,,Traditional office,Detech Building,,C,Technology Development Supporting Joint Stock Company (DETECH Jsc.),Ha Noi City,Nam Tu Liem District,,,21.029612,105.779977,
20210930,Present,Active,,,,,,0.91,"4,443",,,"4,900",457,13.0,,,,OFFICE,4520,King Building,,Traditional office,King Building,,C,"Quang Trung Services and Commercial Co., Ltd.",Ha Noi City,Dong Da District,,,21.006377,105.83043300000001,
20210930,Present,Active,,,,,,0.97,"4,198",,,"4,350",152,14.0,,,,OFFICE,10920,San Nam Building,,Traditional office,San Nam Building,,C,San Nam Group,Ha Noi City,Cau Giay District,,,21.031295,105.783149,
20210930,Present,Active,,,,,,1.0,"3,300",,,"3,300", -   ,10.0,,,,OFFICE,4390,Intracom,,Traditional office,Intracom,,C,Infrastructure & Transportation Construction Investment Corporation,Ha Noi City,Cau Giay District,,,21.029698,105.785746,
20210930,Present,Active,,,,,,1.0,"1,400",,,"1,400", -   ,12.0,,,,OFFICE,10916,Bao Anh Building,,Traditional office,Bao Anh Building,,C,Bao Anh Investment and Trading Jsc.,Ha Noi City,Cau Giay District,,,21.032089000000003,105.788735,
20210930,Present,Active,,,,,,1.0,"4,704",,,"4,704", -   ,10.0,,,,OFFICE,10922,Tien Phong Building,,Traditional office,Tien Phong Building,,C,"Tien Phong Co., Ltd.",Ha Noi City,Cau Giay District,,,21.029547,105.78469299999999,
20210930,Present,Active,,,,,,0.97,"4,062",,,"4,205",143,12.0,,,,OFFICE,213,3D Creative Centre,,Traditional office,3D Creative Centre,,C,3D Group Jsc.,Ha Noi City,Cau Giay District,,,21.030344,105.785927,
20210930,Present,Active,,,,,,0.96,"11,543",,,"12,000",457,13.0,,,,OFFICE,6154,Plaschem Tower,,Traditional office,Plaschem Tower,,C,Plaschem,Ha Noi City,Long Bien District,,,21.049441,105.883931,
20210930,Present,Active,,,,,,0.96,"6,701",,,"6,981",280,16.0,,,,OFFICE,7310,TID Building,,Traditional office,Tid Building,,C,Dien Bien Jsc.,Ha Noi City,Ba Dinh District,,,21.036907,105.814502,
20210930,Present,Active,,,,,,0.97,"6,807",,,"7,000",193,10.0,,,,OFFICE,6881,Tam Da Plaza,,Traditional office,Tam Da Plaza,,C,Ho Chi Minh Museum Construction Jsc.,Ha Noi City,Tay Ho District,,,21.043095,105.816224,
20210930,Present,Active,,,,,,0.96,"3,170",,,"3,300",130,15.0,,,,OFFICE,7038,Thang Long Star Building,,Traditional office,Thang Long Star Building,,C,Thanh Dong Investment Company Ltd.,Ha Noi City,Dong Da District,,,21.018276999999998,105.824003,
20210930,Present,Active,,,,,,1.0,"1,750",,,"1,750", -   ,13.0,,,,OFFICE,6622,Simco Building,,Traditional office,Simco Building,,C,SIMCO Song Da Jsc.,Ha Noi City,Cau Giay District,,,21.020116,105.779549,
20210930,Present,Active,,,,,,0.96,"2,590",,,"2,700",110,13.0,,,,OFFICE,210,3A Building,,Traditional office,3A Building,,C,3A Pharma - Ha Noi Branch,Ha Noi City,Cau Giay District,,,21.032258,105.78236100000001,
20210930,Present,Active,,,,,,0.95,"3,431",,,"3,600",169,10.0,,,,OFFICE,2650,Dai Phat Building,,Traditional office,Dai Phat Building,,C,"Dai Phat Trading Co., Ltd.",Ha Noi City,Cau Giay District,,,21.031807,105.78268700000001,
20210930,Present,Active,,,,,,0.95,"3,335",,,"3,500",165,12.0,,,,OFFICE,7844,VMT Building,,Traditional office,Vmt Building,,C,Viet Mai Trading Co.,Ha Noi City,Cau Giay District,,,21.031975,105.78240100000001,
20210930,Present,Active,,,,,,1.0,"2,528",,,"2,528", -   ,14.0,,,,OFFICE,6812,Sunrise Building,,Traditional office,Sunrise Building,,C,Develop & Invest Management Jsc.,Ha Noi City,Cau Giay District,,,21.030770999999998,105.787705,
20210930,Present,Active,,,,,,0.78,"3,120",,,"4,010",890,13.0,,,,OFFICE,4766,Lucky Building,,Traditional office,Lucky Building,,C,"Anh Tien Trading & Service Investment Co., Ltd.",Ha Noi City,Cau Giay District,,,21.032464,105.78899799999999,
20210930,Present,Active,,,,,,0.91,"10,970",,,"12,000","1,030",17.0,,,,OFFICE,19205,IDMC My Dinh,,Traditional office,Idmc My Dinh,,C,Invest & Develop Management Co.,Ha Noi City,Cau Giay District,,,21.029065,105.78008100000001,
20210930,Present,Active,,,,,,0.93,"3,010",,,"3,240",230,11.0,,,,OFFICE,546,ATS Building,,Traditional office,Ats Building,,C,ATS Investment Jsc.,Ha Noi City,Cau Giay District,,,21.046518,105.78308200000001,
20210930,Present,Active,,,,,,0.98,"4,920",,,"5,000",80,16.0,,,,OFFICE,3885,Green Park Building,,Traditional office,Green Park Building,,C,Construction Investment & Houses Trading Consultant Jsc.,Ha Noi City,Hai Ba Trung District,,,21.014657999999997,105.84723500000001,
20210930,Present,Active,,,,,,0.98,"7,535",,,"7,700",165,10.0,,,,OFFICE,7575,Viet Nam Economics Times Building,,Traditional office,Viet Nam Economics Times Building,,C,Viet Nam Economics Times,Ha Noi City,Cau Giay District,,,21.046523,105.795842,
20210930,Present,Active,,,,,,0.97,"6,865",,,"7,075",210,9.0,,,,OFFICE,7857,VTC Online Tower,,Traditional office,Vtc Online Tower,,C,VTC Online,Ha Noi City,Hai Ba Trung District,,,20.995017999999998,105.861825,
20210930,Present,Active,,,,,,0.89,"5,950",,,"6,650",700,15.0,,,,OFFICE,1014,Cland Tower,,Traditional office,Cland Tower,,C,HUD,Ha Noi City,Dong Da District,,,21.014094,105.83152199999999,
20210930,Present,Active,,,,,,1.0,"8,224",,,"8,224", -   ,12.0,,,,OFFICE,4794,Mercury Tower,,Traditional office,Mercury Tower,,C,Equipment & Spare Part Jsc.,Ha Noi City,Ba Dinh District,,,21.044109,105.81398600000001,
20210930,Present,Active,,,,,,0.97,"7,715",,,"7,985",270,14.0,,,,OFFICE,4674,Lilama 10 Tower,,Traditional office,Lilama 10 Tower,,C,Lilama 10 Jsc.,Ha Noi City,Cau Giay District,,,20.997887,105.793741,
20210930,Present,Active,,,,,,0.97,"10,666",,,"10,966",300,13.0,,,,OFFICE,4115,HH3,,Traditional office,Hh3,,C,SUDICO,Ha Noi City,Nam Tu Liem District,,,21.016468,105.77948400000001,
20210930,Present,Active,,,,,,1.0,"5,356",,,"5,356", -   ,17.0,,,,OFFICE,7982,Zodiac Building,,Traditional office,Zodiac Building,,C,Zodiac Investment Corporation (ZODIAC),Ha Noi City,Cau Giay District,,,21.030787,105.78205200000001,
20210930,Present,Active,,,,,,0.96,"2,017",,,"2,112",95,13.0,,,,OFFICE,5158,Ngoc Khanh Building,,Traditional office,Ngoc Khanh Building,,C,"Ngoc Khanh Co., Ltd.",Ha Noi City,Long Bien District,,,21.048051,105.876291,
20210930,Present,Active,,,,,,0.99,"16,800",,,"17,000",200,12.0,,,,OFFICE,7485,VA Tower,,Traditional office,Va Tower,,C,Viet A Industrial Trading Investment Jsc.,Ha Noi City,Cau Giay District,,,21.030698,105.78478100000001,
20210930,Present,Active,,,,,,0.99,"27,200",,,"27,500",300,6.0,,,,OFFICE,5073,Nacimex Nam Cuong,,Traditional office,Nacimex Nam Cuong,,C,Nam Cuong Corporation,Ha Noi City,Ha Dong District,,,20.974408,105.758233,
20210930,Present,Active,,,,,,0.92,"9,380",,,"10,200",820,15.0,,,,OFFICE,2707,Detech Tower,,Traditional office,Detech Tower,,C,Technology Development Supporting Joint Stock Company (DETECH Jsc.),Ha Noi City,Cau Giay District,,,21.028778,105.781705,
20210930,Present,Active,,,,,,0.89,"2,412",,,"2,700",288,10.0,,,,OFFICE,101,101 Nguyen Khuyen,,Traditional office,101 Nguyen Khuyen,,C,"Tai Tam Co., Ltd.",Ha Noi City,Dong Da District,,,21.028366000000002,105.83783799999999,
20210930,Present,Active,,,,,,0.83,"9,606",,,"11,536","1,930",15.0,,,,OFFICE,7020,Thang Long Building,,Traditional office,Thang Long Building,,C,Thang Long Invest Group,Ha Noi City,Thanh Xuan District,,,21.001473999999998,105.80456799999999,
20210930,Present,Active,,,,,,1.0,"5,500",,,"5,500", -   ,9.0,,,,OFFICE,7546,VG Building,,Traditional office,Vg Building,,C,Consultancy on Construction of Building Material Projects Jsc. (CCBM) & Rieckermann Vietnam Co. Ltd.,Ha Noi City,Thanh Xuan District,,,20.993485999999997,105.80846000000001,
20210930,Present,Active,,,,,,0.95,"4,827",,,"5,084",257,11.0,,,,OFFICE,10919,GP Building,,Traditional office,Gp Building,,C,Global Petrolimex Investment Jsc. (GP Invest),Ha Noi City,Dong Da District,,,21.021127,105.82796599999999,
20210930,Present,Active,,,,,,0.97,"4,476",,,"4,603",127,10.0,,,,OFFICE,4948,Mitec Building,,Traditional office,Mitec Building,,C,MITEC Jsc.,Ha Noi City,Cau Giay District,,,21.020122,105.784038,
20210930,Present,Active,,,,,,0.92,"2,572",,,"2,800",228,11.0,,,,OFFICE,4193,Hoa Phat Giai Phong Building,,Traditional office,Hoa Phat Giai Phong Building,,C,Hoa Phat Group,Ha Noi City,Dong Da District,,,20.998548,105.841827,
20210930,Present,Active,,,,,,0.97,"9,538",,,"9,800",262,11.0,,,,OFFICE,4213,Hoang Linh Building,,Traditional office,Hoang Linh Building,,C,"Nhu Nguyen Trading Co., Ltd.",Ha Noi City,Cau Giay District,,,21.032154000000002,105.78282,
20210930,Present,Active,,,,,,0.98,"5,870",,,"6,000",130,13.0,,,,OFFICE,324,AC Building,,Traditional office,Ac Building,,C,"An Dien Co., Ltd.",Ha Noi City,Cau Giay District,,,21.032444,105.783064,
20210930,Present,Active,,,,,,1.0,"5,500",,,"5,500", -   ,9.0,,,,OFFICE,2759,Dilmah Building,,Traditional office,Dilmah Building,,C,Dilmah,Ha Noi City,Cau Giay District,,,21.032076999999997,105.78310400000001,
20210930,Present,Active,,,,,,0.98,"5,460",,,"5,600",140,14.0,,,,OFFICE,6986,Technosoft Building,,Traditional office,Technosoft Building,,C,Vinaconex,Ha Noi City,Cau Giay District,,,21.030282999999997,105.782604,
20210930,Present,Active,,,,,,0.99,"9,880",,,"10,000",120,12.0,,,,OFFICE,4665,Licogi 13 complex,,Traditional office,Licogi 13 Complex,,C,Licogi 13,Ha Noi City,Thanh Xuan District,,,20.998798999999998,105.798064,
20210930,Present,Active,,,,,,0.92,"4,157",,,"4,500",343,10.0,,,,OFFICE,4740,Lotus,,Traditional office,Lotus,,C,Dong A Co. ,Ha Noi City,Cau Giay District,,,21.030881,105.787196,
20210930,Present,Active,,,,,,0.9,"2,525",,,"2,805",280,11.0,,,,OFFICE,4816,Maple,,Traditional office,Maple,,C,Huong Giang Jsc.,Ha Noi City,Cau Giay District,,,21.030082999999998,105.784233,
20210930,Present,Active,,,,,,0.92,"8,250",,,"9,000",750,10.0,,,,OFFICE,446,An Phu Building,,Traditional office,An Phu Building,,C,An Phu Corp,Ha Noi City,Cau Giay District,,,21.046443,105.798585,
20210930,Present,Active,,,,,,0.98,"11,806",,,"12,008",202,10.0,,,,OFFICE,2445,Cowaelmic Building,,Traditional office,Cowaelmic Building,,C,Cowaelmic,Ha Noi City,Cau Giay District,,,21.012097,105.807682,
20210930,Present,Active,,,,,,0.96,"10,830",,,"11,250",420,15.0,,,,OFFICE,7046,Thanh Cong Building,,Traditional office,Thanh Cong Building,,C,"An Phu Trading Co., Ltd. and Thanh Cong Corporation - Jsc.",Ha Noi City,Cau Giay District,,,21.029954999999998,105.78591599999999,
20210930,Present,Active,,,,,,1.0,"13,000",,,"13,000", -   ,16.0,,,,OFFICE,7023,Thang Long Complex Building,,Traditional office,Thang Long Complex Building,,C,Ha Noi Construction Corporation - Jsc. (Hancorp),Ha Noi City,Cau Giay District,,,21.038319,105.79410700000001,
20210930,Present,Active,,,,,,0.86,"4,745",,,"5,500",755,12.0,,,,OFFICE,2506,CTM Building,,Traditional office,Ctm Building,,C,Cau Giay Trading Jsc.,Ha Noi City,Cau Giay District,,,21.031934,105.799081,
20210930,Present,Active,,,,,,0.97,"9,401",,,"9,700",299,12.0,,,,OFFICE,6800,Sun Square,,Traditional office,Sun Square,,C,Thang Long UDIC,Ha Noi City,Nam Tu Liem District,,,21.033676999999997,105.7706,
20210930,Present,Active,,,,,,0.95,"7,887",,,"8,300",413,15.0,,,,OFFICE,6205,PV Oil Tower,,Traditional office,Pv Oil Tower,,C,PV Oil,Ha Noi City,Cau Giay District,,,21.04662,105.790617,
20210930,Present,Active,,,,,,0.95,"2,858",,,"3,000",142,15.0,,,,OFFICE,6701,Song Hong Building,,Traditional office,Song Hong Building,,C,Thien Duc Services Jsc.,Ha Noi City,Hoan Kiem District,,,21.019132,105.85961200000001,
20210930,Present,Active,,,,,,0.98,"6,330",,,"6,480",150,16.0,,,,OFFICE,6297,Richy Tower,,Traditional office,Richy Tower,,C,Richyland Vietnam Jsc.,Ha Noi City,Cau Giay District,,,21.017141,105.79071299999998,
20210930,Present,Active,,,,,,0.99,"13,971",,,"14,123",152,12.0,,,,OFFICE,838,Central Field,,Traditional office,Central Field,,C,"19/12 Bac Ha Co., Ltd.",Ha Noi City,Cau Giay District,,,21.020269,105.79118100000001,
20210930,Present,Active,,,,,,0.99,"7,409",,,"7,515",106,10.0,,,,OFFICE,3791,Golden Field,,Traditional office,Golden Field,,C,MB Land,Ha Noi City,Nam Tu Liem District,,,21.035045,105.76573799999998,
20210930,Present,Active,,,,,,1.0,"3,200",,,"3,200", -   ,10.0,,,,OFFICE,491,AP Building,,Traditional office,Ap Building,,C,,Ha Noi City,Cau Giay District,,,21.031992000000002,105.788799,
20210930,Present,Active,,,,,,0.98,"5,878",,,"6,000",122,11.0,,,,OFFICE,4504,Kim Hoan Building,,Traditional office,Kim Hoan Building,,C,,Ha Noi City,Cau Giay District,,,21.029753,105.78136599999999,
20210930,Present,Active,,,,,,0.97,"5,824",,,"6,000",176,16.0,,,,OFFICE,4330,IC Building,,Traditional office,Ic Building,,C,"Transport Industry Environment Services Co., Ltd.",Ha Noi City,Cau Giay District,,,21.031363,105.78266,
20210930,Present,Active,,,,,,1.0,"4,500",,,"4,500", -   ,13.0,,,,OFFICE,928,CIT Building,,Traditional office,Cit Building,,C,CIT,Ha Noi City,Cau Giay District,,,21.030169,105.782946,
20210930,Present,Active,,,,,,1.0,"1,710",,,"1,710", -   ,10.0,,,,OFFICE,4432,Kailash Building,,Traditional office,Kailash Building,,C,Information Technology Construction & Development Jsc. (ITC),Ha Noi City,Cau Giay District,,,21.029507000000002,105.78543799999998,
20210930,Present,Active,,,,,,1.0,"4,800",,,"4,800", -   ,10.0,,,,OFFICE,4277,HUD 3 - Hanel,,Traditional office,Hud 3 - Hanel,,C,HUD3 Jsc. and Hanel Jsc.,Ha Noi City,Hoang Mai District,,,20.987335,105.84983000000001,
20210930,Present,Active,,,,,,0.98,"5,865",,,"6,000",135,10.0,,,,OFFICE,4947,Mitec Tower,,Traditional office,Mitec Tower,,C,MITEC Jsc.,Ha Noi City,Cau Giay District,,,21.020175,105.783926,
20210930,Present,Active,,,,,,0.33,"1,000",,,"3,000","2,000",12.0,,,,OFFICE,198,BID Tower,,Traditional office,Bid Tower,,C,International Project Investment Consulting  Jsc. (ICC),Ha Noi City,Thanh Xuan District,,,21.002371,105.822593,
20210930,Present,Active,,,,,,0.9,"4,260",,,"4,752",492,17.0,,,,OFFICE,6527,Sao Mai Building,,Traditional office,Sao Mai Building,,C,"Sao Mai Investment & Import Export Co., Ltd.",Ha Noi City,Cau Giay District,,,21.009779,105.809983,
20210930,Present,Active,,,,,,0.0, -   ,,,"2,746","2,746",25.0,,,,OFFICE,16812,Hateco La Roma,,Traditional office,Hateco La Roma,,C,Hateco Group,Ha Noi City,Dong Da District,,,21.021476999999997,105.80397099999999,
20210930,Present,Active,,,,,,0.15,"17,550",,,"117,000","99,450",13.0,,,,OFFICE,24878,TechnoPark,,Traditional office,Technopark,,B,Vingroup,Ha Noi City,Gia Lam District,,,20.992676,105.938696,
20210930,Future,Future,,,,,,,,,,"2,456",,,,,,OFFICE,19208,Five Star Truong Chinh,,Traditional office,Five Star Truong Chinh,2021.0,B,GFS Group,Ha Noi City,Dong Da District,,,21.002299,105.82366999999999,
20210930,Future,Future,,,,,,,,,,"20,797",,,,,,OFFICE,19210,Epic Tower,,Traditional office,Epic Tower,2022.0,B,Ecoland,Ha Noi City,Cau Giay District,,,21.030192,105.781429,
20210930,Future,Future,,,,,,,,,,"17,820",,,,,,OFFICE,19211,Thai Building,,Traditional office,Thai Building,2021.0,B,,Ha Noi City,Cau Giay District,,,21.019391,105.78420200000001,
20210930,Future,Future,,,,,,,,,,"56,196",,,,,,OFFICE,19212,Intracom Riverside,,Traditional office,Intracom Riverside,2021.0,C,Intracom,Ha Noi City,Dong Anh District,,,21.112291,105.829007,
20210930,Future,Future,,,,,,,,,,"29,605",,,,,,OFFICE,19213,BRG Grand Plaza,,Traditional office,Brg Grand Plaza,2022.0,B,BRG Group,Ha Noi City,Ba Dinh District,,,21.017565,105.815878,
20210930,Future,Future,,,,,,,,,,"17,452",,,,,,OFFICE,19214,Northern Diamond - D2,,Traditional office,Northern Diamond - D2,2022.0,C,Incomex (Song Hong Construction Jsc.),Ha Noi City,Long Bien District,,,21.026439,105.895395,
20210930,Future,Future,,,,,,,,,,,,,,,,OFFICE,19215,The Nosta,,Traditional office,The Nosta,2030.0,B,TNR Holdings,Ha Noi City,Dong Da District,,,21.009674,105.816578,
20210930,Future,Future,,,,,,,,,,"20,600",,,,,,OFFICE,19216,Lancaster Luminaire,,Traditional office,Lancaster Luminaire,2022.0,B,Tan Phu Long Jsc.,Ha Noi City,Dong Da District,,,21.026097,105.798682,
20210930,Future,Future,,,,,,,,,,"72,159",,,,,,OFFICE,19217,Vinacomin Tower,,Traditional office,Vinacomin Tower,2022.0,B,Vinacomin,Ha Noi City,Cau Giay District,,,21.022279,105.78910400000001,
20210930,Future,Future,,,,,,,,,,"13,541",,,,,,OFFICE,19218,36 Cat Linh,,Traditional office,36 Cat Linh,2022.0,A,Thanh Hoa Construction Corporation,Ha Noi City,Dong Da District,,,21.029484,105.83010300000001,
20210930,Future,Future,,,,,,,,,,"5,400",,,,,,OFFICE,19219,The Nine,,Traditional office,The Nine,2022.0,B,GP Invest Jsc.,Ha Noi City,Cau Giay District,,,21.047107999999998,105.781447,
20210930,Future,Future,,,,,,,,,,"1,721",,,,,,OFFICE,43438,Green Diamond,,Traditional office,Green Diamond,2022.0,C,Vinaconex  ,Ha Noi City,Dong Da District,,,21.015286,105.81459299999999,
20210930,Future,Future,,,,,,,,,,"31,560",,,,,,OFFICE,19221,The Valley,,Traditional office,The Valley,2023.0,B,Vingroup,Ha Noi City,Nam Tu Liem District,,,21.00832,105.74640900000001,
20210930,Future,Future,,,,,,,,,,"1,960",,,,,,OFFICE,19222,Tan Xuan,,Traditional office,Tan Xuan,2022.0,C,Tan Xuan,Ha Noi City,Ba Dinh District,,,21.030009,105.81239,
20210930,Future,Future,,,,,,,,,,"23,000",,,,,,OFFICE,19223,Vinata Tower,,Traditional office,Vinata Tower,2023.0,A,Vinata-Daiwa House ,Ha Noi City,Thanh Xuan District,,,21.002601000000002,105.793998,
20210930,Future,Future,,,,,,,,,,"11,910",,,,,,OFFICE,19224,27-29 Ly Thai To (10 Tran Nguyen Han),,Traditional office,27-29 Ly Thai To (10 Tran Nguyen Han),2023.0,A,Viet Nam Electrical Equipment Joint Stock Corporation (Gelex),Ha Noi City,Hoan Kiem District,,,21.029486,105.85541,
20210930,Future,Future,,,,,,,,,,"44,593",,,,,,OFFICE,19225,My Dinh Pearl,,Traditional office,My Dinh Pearl,2023.0,B,SSG Group,Ha Noi City,Nam Tu Liem District,,,21.006257,105.769029,
20210930,Future,Future,,,,,,,,,,"40,929",,,,,,OFFICE,19226,Lotte Mall,,Traditional office,Lotte Mall,2023.0,A,Lotte Group,Ha Noi City,Tay Ho District,,,21.076307999999997,105.81192,
20210930,Future,Future,,,,,,,,,,"58,996",,,,,,OFFICE,19227,Starlake -  B2CC1 and B2CC2 ,,Traditional office,Starlake -  B2Cc1 And B2Cc2,2023.0,A,CJ Group,Ha Noi City,Bac Tu Liem District,,,21.062022,105.79426399999998,
20210930,Future,Future,,,,,,,,,,"11,838",,,,,,OFFICE,43439,Starlake - H2CC1,,Traditional office,Starlake - H2Cc1,2030.0,A,Dai Nam Tien,Ha Noi City,Bac Tu Liem District,,,21.056480999999998,105.79184599999999,
20210930,Future,Future,,,,,,,,,,"60,000",,,,,,OFFICE,43440,Starlake - B3CC2,,Traditional office,Starlake - B3Cc2,2030.0,A,Taseco,Ha Noi City,Bac Tu Liem District,,,21.060658,105.795818,
20210930,Future,Future,,,,,,,,,,"47,105",,,,,,OFFICE,43441,Starlake - B3CC1,,Traditional office,Starlake - B3Cc1,2030.0,A,"Daewoo E&C, Korea Development Bank and KB Securities",Ha Noi City,Bac Tu Liem District,,,21.062405,105.796099,
20210930,Future,Future,,,,,,,,,,"42,000",,,,,,OFFICE,43442,Starlake - B2CC3 & B2CC4,,Traditional office,Starlake - B2Cc3 & B2Cc4,2030.0,A,OSI,Ha Noi City,Bac Tu Liem District,,,21.06044,105.79343100000001,
20210930,Future,Future,,,,,,,,,,"24,730",,,,,,OFFICE,43443,Starlake - H5CC1,,Traditional office,Starlake - H5Cc1,2030.0,A,"S&D Co., Ltd.",Ha Noi City,Bac Tu Liem District,,,21.056431,105.795709,
20210930,Future,Future,,,,,,,,,,"11,952",,,,,,OFFICE,43444,Starlake - H2CC2,,Traditional office,Starlake - H2Cc2,2030.0,A,Catgo Investment Office,Ha Noi City,Bac Tu Liem District,,,21.056283999999998,105.79265900000001,
20210930,Future,Future,,,,,,,,,,"37,500",,,,,,OFFICE,43445,Starlake - C1CC1 & C1CC2,,Traditional office,Starlake - C1Cc1 & C1Cc2,2030.0,A,Toshin,Ha Noi City,Bac Tu Liem District,,,21.061692,105.79601299999999,
20210930,Future,Future,,,,,,,,,,"36,610",,,,,,OFFICE,12966,Mo Market,,Traditional office,Mo Market,2030.0,C,Vinaconex Commercial & Trading Development Jsc.,Ha Noi City,Hai Ba Trung District,,,20.99725,105.85039599999999,
20210930,Future,Future,,,,,,,,,,"37,664",,,,,,OFFICE,43446,Western Bank Tower,,Traditional office,Western Bank Tower,2022.0,B,Lang Ha Corp.,Ha Noi City,Ba Dinh District,,,21.022501000000002,105.819616,
20210930,Future,Future,,,,,,,,,,"6,150",,,,,,OFFICE,4813,Manhattan Tower,,Traditional office,Manhattan Tower,2030.0,C,Ba Dinh Investment & Construction Jsc.,Ha Noi City,Thanh Xuan District,,,21.00702,105.806401,
20210930,Future,Future,,,,,,,,,,"37,800",,,,,,OFFICE,7550,Vicem Tower,,Traditional office,Vicem Tower,2030.0,B,Vicem,Ha Noi City,Nam Tu Liem District,,,21.015271,105.78453799999998,
20210930,Future,Future,,,,,,,,,,"8,978",,,,,,OFFICE,43447,Elinco Building,,Traditional office,Elinco Building,2030.0,,Thanh Dong Investment Company Ltd.,Ha Noi City,Cau Giay District,,,21.036347,105.791005,
20210930,Future,Future,,,,,,,,,,"20,240",,,,,,OFFICE,43448,Tien Bo Plaza Commercial Complex,,Traditional office,Tien Bo Plaza Commercial Complex,2023.0,A,"Tien Bo Printing Co.,Ltd",Ha Noi City,Ba Dinh District,,,21.03171,105.831046,
20210930,Future,Future,,,,,,,,,,"6,880",,,,,,OFFICE,215,4 Tran Hung Dao,,Traditional office,4 Tran Hung Dao,2030.0,B,TNR Holdings,Ha Noi City,Hoan Kiem District,,,21.018979,105.859324,
20210930,Future,Future,,,,,,,,,,,,,,,,OFFICE,43449,Vietcombank,,Traditional office,Vietcombank,2030.0,,Vietcombank,Ha Noi City,Cau Giay District,,,21.028270000000003,105.78788300000001,
20210930,Future,Future,,,,,,,,,,,,,,,,OFFICE,43450,Sun Grand City Van Cao Residence,,Traditional office,Sun Grand City Van Cao Residence,2030.0,,Sun Group,Ha Noi City,Ba Dinh District,,,21.038156,105.815597,
20210930,Future,Future,,,,,,,,,,"78,820",,,,,,OFFICE,3639,International Financial Tower,,Traditional office,International Financial Tower,2030.0,A,SCIC,Ha Noi City,Cau Giay District,,,21.00734,105.794477,
20210930,Future,Future,,,,,,,,,,,,,,,,OFFICE,43451,HFC Building,,Traditional office,Hfc Building,2030.0,,Ha Noi Food ,Ha Noi City,Hoan Kiem District,,,21.020785999999998,105.86153700000001,
20210930,Future,Future,,,,,,,,,,"19,700",,,,,,OFFICE,4097,Heritage West Lake,,Traditional office,Heritage West Lake,2030.0,A,CapitaLand - Hien Duc Jsc.,Ha Noi City,Tay Ho District,,,21.071657000000002,105.81168999999998,
20210930,Future,Future,,,,,,,,,,"94,197",,,,,,OFFICE,7586,Vietinbank Tower,,Traditional office,Vietinbank Tower,2030.0,A,Vietinbank,Ha Noi City,Tay Ho District,,,21.082657,105.79025,
20210930,Future,Future,,,,,,,,,,,,,,,,OFFICE,43452,Diamond Tower,,Traditional office,Diamond Tower,2030.0,,"SBIC-CFTD Co., Ltd.",Ha Noi City,Nam Tu Liem District,,,21.018732999999997,105.781784,
20210930,Future,Future,,,,,,,,,,"16,636",,,,,,OFFICE,43453,94 Lo Duc,,Traditional office,94 Lo Duc,2030.0,A,Tan Hoang Minh Group,Ha Noi City,Hai Ba Trung District,,,21.014513,105.857157,
20210930,Future,Future,,,,,,,,,,"25,580",,,,,,OFFICE,166,25 Tran Khanh Du,,Traditional office,25 Tran Khanh Du,2030.0,B,SonKim Land,Ha Noi City,Hoan Kiem District,,,21.020705,105.86126499999999,
20210930,Future,Future,,,,,,,,,,"28,125",,,,,,OFFICE,43454,Giang Vo Complex Tower,,Traditional office,Giang Vo Complex Tower,2030.0,,Viet Nam IP Investment JSC,Ha Noi City,Dong Da District,,,21.025776,105.822781,
20210930,Future,Future,,,,,,,,,,"10,508",,,,,,OFFICE,43455,1283 Giai Phong,,Traditional office,1283 Giai Phong,2030.0,,"Petrovietnam Senior Oil & Gas Jsc. (PVR), Vietnam Packaging Corporation and Song Hong Construction Jsc. (Incomex)",Ha Noi City,Hoang Mai District,,,20.969739999999998,105.841695,
20210930,Future,Future,,,,,,,,,,"9,300",,,,,,OFFICE,43456,59-63 Huynh Thuc Khang,,Traditional office,59-63 Huynh Thuc Khang,2030.0,,Petrowaco ,Ha Noi City,Dong Da District,,,21.01955,105.808656,
20210930,Future,Future,,,,,,,,,,"15,000",,,,,,OFFICE,43457,Ha Noi Time Square,,Traditional office,Ha Noi Time Square,2030.0,,"Thang Long Property Co., Ltd.",Ha Noi City,Nam Tu Liem District,,,21.007703,105.791142,
20210930,Future,Future,,,,,,,,,,"10,000",,,,,,OFFICE,43458,ICT Tower,,Traditional office,Ict Tower,2030.0,,"Hanoi Informatics & Telecommunication Association, Thang Long Investment Group Jsc., Hanoi Information Technology & Communication Jsc.",Ha Noi City,Nam Tu Liem District,,,21.008915,105.789953,
20210930,Future,Future,,,,,,,,,,"12,000",,,,,,OFFICE,43459,Vietracimex Tower,,Traditional office,Vietracimex Tower,2030.0,,Vietracimex,Ha Noi City,Cau Giay District,,,21.030696,105.784477,
20210930,Future,Future,,,,,,,,,,"13,460",,,,,,OFFICE,43460,8 Lang Ha,,Traditional office,8 Lang Ha,2030.0,,Indochina Group,Ha Noi City,Dong Da District,,,21.021546,105.81828999999999,
20210930,Future,Future,,,,,,,,,,"17,370",,,,,,OFFICE,43461,Licogi 19 Complex,,Traditional office,Licogi 19 Complex,2030.0,,Licogi 19,Ha Noi City,Thanh Xuan District,,,,,
20210930,Future,Future,,,,,,,,,,"5,749",,,,,,OFFICE,43462,Ha Noi Petrolimex Building,,Traditional office,Ha Noi Petrolimex Building,2030.0,,Petrowaco and Petrolimex Region 1,Ha Noi City,Long Bien District,,,21.050555,105.883876,
20210930,Future,Future,,,,,,,,,,"4,818",,,,,,OFFICE,43463,Flamingo Tower,,Traditional office,Flamingo Tower,2030.0,,"Hung Vuong Investment, Construction and International Cooperation Company ",Ha Noi City,Ba Dinh District,,,21.036388,105.816144,
20210930,Future,Future,,,,,,,,,,,,,,,,OFFICE,43464,Khuong Dinh Trade Centre,,Traditional office,Khuong Dinh Trade Centre,2030.0,,IT Investment Jsc.,Ha Noi City,Thanh Xuan District,,,20.988715,105.818234,
20210930,Future,Future,,,,,,,,,,,,,,,,OFFICE,43465,277 Nguyen Trai,,Traditional office,277 Nguyen Trai,2030.0,,Thuong Dinh Corp,Ha Noi City,Thanh Xuan District,,,20.992853,105.805668,
20210930,Future,Future,,,,,,,,,,"8,775",,,,,,OFFICE,43466,8/260 Cau Giay,,Traditional office,8/260 Cau Giay,2030.0,,Cultural Construction Jsc.,Ha Noi City,Cau Giay District,,,21.028868,105.80456699999999,
20210930,Future,Future,,,,,,,,,,"26,880",,,,,,OFFICE,43467,76 Nguyen Trai,,Traditional office,76 Nguyen Trai,2030.0,,"Ha Noi Mechanical Co., Ltd. (HAMECO) ",Ha Noi City,Thanh Xuan District,,,21.001017,105.817123,
20210930,Future,Future,,,,,,,,,,,,,,,,OFFICE,43468,Vithaco,,Traditional office,Vithaco,2030.0,,Vithaco,Ha Noi City,Dong Da District,,,21.008238000000002,105.83877,
20210930,Future,Future,,,,,,,,,,,,,,,,OFFICE,43469,254 Hoang Quoc Viet,,Traditional office,254 Hoang Quoc Viet,2030.0,,Long Giang Land,Ha Noi City,Cau Giay District,,,21.0464,105.782808,
20210930,Future,Future,,,,,,,,,,"91,592",,,,,,OFFICE,43470,PVT Diamond Tower,,Traditional office,Pvt Diamond Tower,2030.0,A,Petrochemical ,Ha Noi City,Cau Giay District,,,21.015795999999998,105.78491399999999,
20210930,Future,Future,,,,,,,,,,"72,128",,,,,,OFFICE,43471,Sun Grand City Constrexim Complex,,Traditional office,Sun Grand City Constrexim Complex,2030.0,,Sun Group,Ha Noi City,Cau Giay District,,,21.034233,105.78067,
20210930,Future,Future,,,,,,,,,,"32,321",,,,,,OFFICE,43472,TD-Handico C3 Plaza,,Traditional office,Td-Handico C3 Plaza,2030.0,,TD Group - Handico,Ha Noi City,Cau Giay District,,,21.012970000000003,105.793282,
20210930,Future,Future,,,,,,,,,,,,,,,,OFFICE,24886,Royal Park,,Traditional office,Royal Park,2030.0,B,Song Hong Investment Construction Trading Jsc.,Ha Noi City,Thanh Xuan District,,,20.998195000000003,105.805264,
20210930,Future,Future,,,,,,,,,,"8,410",,,,,,OFFICE,43473,11A Cat Linh,,Traditional office,11A Cat Linh,2030.0,,ThaiGroup,Ha Noi City,Dong Da District,,,21.027986,105.833114,
20210930,Future,Future,,,,,,,,,,"9,078",,,,,,OFFICE,24887,Techcombank,,Traditional office,Techcombank,2022.0,A,Techcombank,Ha Noi City,Hoan Kiem District,,,21.024224,105.84915,
